{"cv": 5, "estimators": "[('logreg', LogisticRegression(C=0.01, class_weight='balanced', max_iter=1000)), ('rf', RandomForestClassifier(class_weight='balanced', max_depth=20, n_estimators=300,\n                       random_state=42)), ('xgb', XGBClassifier(base_score=None, booster=None, callbacks=None,\n              colsample_bylevel=None, colsample_bynode=None,\n              colsample_bytree=None, device=None, early_stopping_rounds=None,\n              enable_categorical=False, eval_metric='logloss',\n              feature_types=None, gamma=None, grow_policy=None,\n              importance_type=None, interaction_constraints=None,\n              learning_rate=0.1, max_bin=None, max_cat_threshold=None,\n              max_cat_to_onehot=None, max_delta_step=None, max_depth=None,\n              max_leaves=None, min_child_weight=None, missing=nan,\n              monotone_constraints=None, multi_strategy=None, n_estimators=300,\n              n_jobs=None, num_parallel_tree=None, random_state=42, ...))]", "final_estimator__C": 1.0, "final_estimator__class_weight": null, "final_estimator__dual": false, "final_estimator__fit_intercept": true, "final_estimator__intercept_scaling": 1, "final_estimator__l1_ratio": null, "final_estimator__max_iter": 100, "final_estimator__multi_class": "auto", "final_estimator__n_jobs": null, "final_estimator__penalty": "l2", "final_estimator__random_state": null, "final_estimator__solver": "lbfgs", "final_estimator__tol": 0.0001, "final_estimator__verbose": 0, "final_estimator__warm_start": false, "final_estimator": "LogisticRegression()", "n_jobs": null, "passthrough": false, "stack_method": "auto", "verbose": 0, "logreg": "LogisticRegression(C=0.01, class_weight='balanced', max_iter=1000)", "rf": "RandomForestClassifier(class_weight='balanced', max_depth=20, n_estimators=300,\n                       random_state=42)", "xgb": "XGBClassifier(base_score=None, booster=None, callbacks=None,\n              colsample_bylevel=None, colsample_bynode=None,\n              colsample_bytree=None, device=None, early_stopping_rounds=None,\n              enable_categorical=False, eval_metric='logloss',\n              feature_types=None, gamma=None, grow_policy=None,\n              importance_type=None, interaction_constraints=None,\n              learning_rate=0.1, max_bin=None, max_cat_threshold=None,\n              max_cat_to_onehot=None, max_delta_step=None, max_depth=None,\n              max_leaves=None, min_child_weight=None, missing=nan,\n              monotone_constraints=None, multi_strategy=None, n_estimators=300,\n              n_jobs=None, num_parallel_tree=None, random_state=42, ...)", "logreg__C": 0.01, "logreg__class_weight": "balanced", "logreg__dual": false, "logreg__fit_intercept": true, "logreg__intercept_scaling": 1, "logreg__l1_ratio": null, "logreg__max_iter": 1000, "logreg__multi_class": "auto", "logreg__n_jobs": null, "logreg__penalty": "l2", "logreg__random_state": null, "logreg__solver": "lbfgs", "logreg__tol": 0.0001, "logreg__verbose": 0, "logreg__warm_start": false, "rf__bootstrap": true, "rf__ccp_alpha": 0.0, "rf__class_weight": "balanced", "rf__criterion": "gini", "rf__max_depth": 20, "rf__max_features": "sqrt", "rf__max_leaf_nodes": null, "rf__max_samples": null, "rf__min_impurity_decrease": 0.0, "rf__min_samples_leaf": 1, "rf__min_samples_split": 2, "rf__min_weight_fraction_leaf": 0.0, "rf__n_estimators": 300, "rf__n_jobs": null, "rf__oob_score": false, "rf__random_state": 42, "rf__verbose": 0, "rf__warm_start": false, "xgb__objective": "binary:logistic", "xgb__base_score": null, "xgb__booster": null, "xgb__callbacks": null, "xgb__colsample_bylevel": null, "xgb__colsample_bynode": null, "xgb__colsample_bytree": null, "xgb__device": null, "xgb__early_stopping_rounds": null, "xgb__enable_categorical": false, "xgb__eval_metric": "logloss", "xgb__feature_types": null, "xgb__gamma": null, "xgb__grow_policy": null, "xgb__importance_type": null, "xgb__interaction_constraints": null, "xgb__learning_rate": 0.1, "xgb__max_bin": null, "xgb__max_cat_threshold": null, "xgb__max_cat_to_onehot": null, "xgb__max_delta_step": null, "xgb__max_depth": null, "xgb__max_leaves": null, "xgb__min_child_weight": null, "xgb__missing": NaN, "xgb__monotone_constraints": null, "xgb__multi_strategy": null, "xgb__n_estimators": 300, "xgb__n_jobs": null, "xgb__num_parallel_tree": null, "xgb__random_state": 42, "xgb__reg_alpha": null, "xgb__reg_lambda": null, "xgb__sampling_method": null, "xgb__scale_pos_weight": null, "xgb__subsample": null, "xgb__tree_method": null, "xgb__validate_parameters": null, "xgb__verbosity": null, "xgb__use_label_encoder": false}